INSERT INTO person VALUES('SYSTEM', 'SYSTEM', 'SYSTEM', '', 1);
INSERT INTO resemblegame VALUES(DEFAULT, 'Grunnleggende ', 'I denne oppgaven er det 3 oppgaver som forutsetter at brukeren kan/lærer seg grunnleggende HTML5- og CSS-programmering','Å kunne kode enkle nettsider ved hjelp av HTML5 og CSS. ', 1, 'SYSTEM');
INSERT INTO multichoicegame VALUES(DEFAULT, 'Øving 1 - HTML', 'Dette er et spill som tester grunnleggende kunnskap om HTML', 'Kunne gjengi grunnleggende informasjon knyttet til HTML', 1, null);
INSERT INTO multichoicegame VALUES(DEFAULT, 'Øving 2 - HTML', 'Dette er et spill som tester grunnleggende kunnskap om HTML', 'Kunne gjengi grunnleggende informasjon knyttet til HTML', 3, null);
INSERT INTO multichoicegame VALUES(DEFAULT, 'Øving 3 - HTML', 'Dette er et spill som tester grunnleggende kunnskap om HTML', 'Kunne gjengi grunnleggende informasjon knyttet til HTML', 2, null);
INSERT INTO multichoicegame VALUES(DEFAULT, 'Øving 4 - CSS', 'Dette er et spill som tester grunnleggende kunnskap om CSS', 'Kunne gjengi grunnleggende informasjon knyttet til CSS', 1, null);
INSERT INTO multichoicegame VALUES(DEFAULT, 'Øving 5 - CSS', 'Dette er et spill som tester grunnleggende kunnskap om CSS', 'Kunne gjengi grunnleggende informasjon knyttet til CSS', 2, null);
INSERT INTO multiexercise VALUES(DEFAULT,'homepage.html','startpage.html','main.html','index.html','index.html','Hvilket filnavn vil nettleseren normalt tolke som hovedsiden i en katalog?',1);
INSERT INTO multiexercise VALUES(DEFAULT,'<!LANG html>','<!SET html>','<!VER html>','<!DOCTYPE html>','<!DOCTYPE html>','Hvilket er det korrekte elementet for å angi html som markeringsspråk i dokumentet?',1);
INSERT INTO multiexercise VALUES(DEFAULT,'<html lang=''no''>','<head lang=''no''>','<body lang=''no''>','<script lang=''no''>','<html lang=''no''>','lang=''no'' definerer språket som brukes på websiden som norsk. I hvilket alternativ er attributten plassert korrekt?',1);
INSERT INTO multiexercise VALUES(DEFAULT,'XHTML-elementer må nøstes riktig, dvs. merkene må åpnes og lukkes i logisk rekkefølge','XHTML-elementer og attributter må skrives med små bokstaver','Attributtverdier må være i anførselstegn','XHTML-elementer kan ikke være tomme, dvs. merkene må separeres av innhold','XHTML-elementer kan ikke være tomme, dvs. merkene må separeres av innhold','XHTML bruker en strengere og penere syntaks enn klassisk HTML. Hvilket av utsagnene under om XHTML stemmer IKKE?',1);
INSERT INTO multiexercise VALUES(DEFAULT,'Head','Body','Script','Style','Head','Metadata brukes av nettlesere, søkemotorer og webtjenester til å tolke og vise frem websiden. Hvor plasseres metadata?',1);
INSERT INTO multiexercise VALUES(DEFAULT,'International Standards Organization','International Scripting Organization','Internal Software Operations','Internal System Operations','International Standards Organization','Hva står ISO for?',2);
INSERT INTO multiexercise VALUES(DEFAULT,'<h3>','<h4>','<h5>','<h6>','<h6>','<h1> er elementet for største overskrift. Hvilken tag beskriver den minste overskriften?',2);
INSERT INTO multiexercise VALUES(DEFAULT,'<b>','<f>','<i>','<s>','<f>','Hvilken tag brukes IKKE til å endre på tekst?',2);
INSERT INTO multiexercise VALUES(DEFAULT,'<a href=''?kapittel2''>','<a href=''#kapittel2''>','<a href=''@kapittel2''>','<a href=''!kapittel2''>','<a href=''#kapittel2''>','<a name=''kapittel2''> oppretter et anker i dokumentet. Hvilke av alternativene under vil beskrive en lenke til kapittel 2?',2);
INSERT INTO multiexercise VALUES(DEFAULT,'Graphics Interchange Format','Joint Photographic Experts Group','Fixed Imaging Format','Portable Network Graphics','Fixed Imaging Format','Hvilke av alternativene under er IKKE en av tre populære bildeformat som brukes av webutviklere?',2);
INSERT INTO multiexercise VALUES(DEFAULT,'<link>','<script>','<a>','<div>','<a>','Bilder kan også fungere som lenker til nye sider. Slike bilder settes inn i enda en tag. Hvilken tag er dette?',3);
INSERT INTO multiexercise VALUES(DEFAULT,'<pt>','<p>','<li>','<lu>','<li>','Vi kan opprette uordnede lister ved bruk av <ul> taggen. Hvilken tag beskriver et nytt element i listen?',3);
INSERT INTO multiexercise VALUES(DEFAULT,'<ol>','<l>','<fl>','<li>','<ol>','Vi har også ordnede lister. Hva er taggen for en ordnet liste?',3);
INSERT INTO multiexercise VALUES(DEFAULT,'Setter tabellens bredde','Definerer tykkelsen på tabellens ramme i piksler','Øker avstanden mellom celleveggen og cellens innhold','Angir større avstand mellom hver celle','Øker avstanden mellom celleveggen og cellens innhold','Tabeller opprettes med taggen <table> og har en attributt som heter cellpadding. Hva gjør denne?',3);
INSERT INTO multiexercise VALUES(DEFAULT,'&aelig','&oslash','&aring','&aadot','&aadot','Noen tegn kan ikke brukes direkte, men må skrives på en spesiell måte for å bli tolket rett. Hvilke av alternativene er IKKE en måte å skrive Æ, Ø eller Å på?',3);
INSERT INTO multiexercise VALUES(DEFAULT,'Colorful Style Sheets', 'Computer Style Sheets', 'Cascading Style Sheets','Creative Style Sheets','Cascading Style Sheets','Hva står CSS for?',4);
INSERT INTO multiexercise VALUES(DEFAULT,'I head', 'I body','I title', 'Skrives i JavaScript','I head','Hvor i et HTML-dokument skal CSS kode plasseres? (interne style sheets)',4);
INSERT INTO multiexercise VALUES(DEFAULT,'<css>','<style>','<script>','<cstyle>','<style>','Hvilken tag brukes til å definere en intern style sheet?',4);
INSERT INTO multiexercise VALUES(DEFAULT,'<p>style="text-size:bold;">', '<p style="font-size:bold;">', 'p {font-weight:bold;}', 'p {text-size:bold;}', 'p {font-weight:bold;}','Hvordan setter vi all tekst i avsnitt til fet type?',4);
INSERT INTO multiexercise VALUES(DEFAULT,'// kommentar //', '/* kommentar */', '// kommentar', '-- kommentar', '/* kommentar */', 'Hvordan skrives kommentarer i en CSS-fil?',4);
INSERT INTO multiexercise VALUES(DEFAULT,'p {text-align: right;}','p {text-float: right;}','p {text-move: right;}','p {text-position: right;}','p {text-align: right;}','Hvilken kodesnutt flytter tekst i et avsnitt mot høyre side på skjermen?',5);
INSERT INTO multiexercise VALUES(DEFAULT,'normal','bold','italic','oblique','bold','Hvilken av verdiene tilhører IKKE font-style attributten?',5);
INSERT INTO multiexercise VALUES(DEFAULT,'overline','bold','default','color-invert','overline','Hvilken av attributtene kan settes inn i stedet for * i følgende kodebit?<br> a {text-decoration: * ;} ',5);
INSERT INTO multiexercise VALUES(DEFAULT,'#logo {color: red;}','@logo {color: red;}','!logo {color: red;}','.logo {color: red;}','.logo {color: red;}','Hvilken kodesnutt setter farge lik rød på en div med attributten class="logo" ?',5);
INSERT INTO multiexercise VALUES(DEFAULT,'<sec>','<br>','<a>','<div>','<div>','Hvilken tag angir en inndeling av nettsiden?',5);
INSERT INTO person VALUES('test_per@gmail.com', 'Per', 'Hovde', '123123123123123123', 0);
INSERT INTO person VALUES('lars@gmail.com', 'Lars', 'Garberg', '123123123123123123', 0);
INSERT INTO person VALUES('test_kare@gmail.com', 'Ola', 'Klausen', '123123123123123123', 0); 
INSERT INTO person VALUES('test_2@test.com', 'Fredrik', 'Haugen', '123123123123123123', 0) ;
INSERT INTO person VALUES('kare.ode@outlook.com', 'Sindre', 'Hansen', '123123123123123123', 0) ;
INSERT INTO person VALUES('kare.ode2@outlook.com', 'Kåre', 'Ode', '123123123123123123', 0) ;
INSERT INTO person VALUES('kare.ode3@outlook.com', 'Mats', 'Olsen', '123123123123123123', 0); 
INSERT INTO person VALUES('kare.ode4@outlook.com', 'Bjørn', 'Klefstad', '123123123123123123', 0); 
INSERT INTO person VALUES('kare.ode5@outlook.com', 'Kjell', 'Kjellstad', '123123123123123123', 0); 
INSERT INTO person VALUES('kare.ode6@outlook.com', 'Hans', 'Stave', '123123123123123123', 0) ;
INSERT INTO person VALUES('kare.ode7@outlook.com', 'Erlend', 'Nilsen', '123123123123123123', 0); 
INSERT INTO multiresult VALUES(DEFAULT, 80, 'test_per@gmail.com', 1);
INSERT INTO multiresult VALUES(DEFAULT, 80, 'lars@gmail.com', 1);
INSERT INTO multiresult VALUES(DEFAULT, 100, 'test_kare@gmail.com', 1);
INSERT INTO multiresult VALUES(DEFAULT, 40, 'test_2@test.com', 1);
INSERT INTO multiresult VALUES(DEFAULT, 80, 'kare.ode@outlook.com', 1);
INSERT INTO multiresult VALUES(DEFAULT, 40, 'kare.ode2@outlook.com', 1);
INSERT INTO multiresult VALUES(DEFAULT, 60, 'kare.ode3@outlook.com', 1);
INSERT INTO multiresult VALUES(DEFAULT, 100, 'kare.ode4@outlook.com', 1);
INSERT INTO multiresult VALUES(DEFAULT, 100, 'kare.ode5@outlook.com', 1);
INSERT INTO multiresult VALUES(DEFAULT, 100, 'kare.ode6@outlook.com', 1);
INSERT INTO multiresult VALUES(DEFAULT, 100, 'kare.ode7@outlook.com', 1);
INSERT INTO multiresult VALUES(DEFAULT, 80, 'test_per@gmail.com', 2);
INSERT INTO multiresult VALUES(DEFAULT, 80, 'lars@gmail.com', 2);
INSERT INTO multiresult VALUES(DEFAULT, 100, 'test_kare@gmail.com', 2);
INSERT INTO multiresult VALUES(DEFAULT, 40, 'test_2@test.com', 2);
INSERT INTO multiresult VALUES(DEFAULT, 60, 'kare.ode@outlook.com', 2);
INSERT INTO multiresult VALUES(DEFAULT, 40, 'kare.ode2@outlook.com', 2);
INSERT INTO multiresult VALUES(DEFAULT, 60, 'kare.ode3@outlook.com', 2);
INSERT INTO multiresult VALUES(DEFAULT, 60, 'kare.ode4@outlook.com', 2);
INSERT INTO multiresult VALUES(DEFAULT, 60, 'kare.ode5@outlook.com', 2);
INSERT INTO multiresult VALUES(DEFAULT, 100, 'kare.ode6@outlook.com', 2);
INSERT INTO multiresult VALUES(DEFAULT, 80, 'kare.ode7@outlook.com', 2);
INSERT INTO multiresult VALUES(DEFAULT, 80, 'test_per@gmail.com', 3);
INSERT INTO multiresult VALUES(DEFAULT, 80, 'lars@gmail.com', 3);
INSERT INTO multiresult VALUES(DEFAULT, 100, 'test_kare@gmail.com', 3);
INSERT INTO multiresult VALUES(DEFAULT, 80, 'test_2@test.com', 3);
INSERT INTO multiresult VALUES(DEFAULT, 60, 'kare.ode@outlook.com', 3);
INSERT INTO multiresult VALUES(DEFAULT, 40, 'kare.ode2@outlook.com', 3);
INSERT INTO multiresult VALUES(DEFAULT, 100, 'kare.ode3@outlook.com', 3);
INSERT INTO multiresult VALUES(DEFAULT, 80, 'kare.ode4@outlook.com', 3);
INSERT INTO multiresult VALUES(DEFAULT, 60, 'kare.ode5@outlook.com', 3);
INSERT INTO multiresult VALUES(DEFAULT, 100, 'kare.ode6@outlook.com', 3);
INSERT INTO multiresult VALUES(DEFAULT, 80, 'kare.ode7@outlook.com', 3);
INSERT INTO multiresult VALUES(DEFAULT, 100, 'test_per@gmail.com', 4);
INSERT INTO multiresult VALUES(DEFAULT, 100, 'lars@gmail.com', 4);
INSERT INTO multiresult VALUES(DEFAULT, 90, 'test_kare@gmail.com', 4);
INSERT INTO multiresult VALUES(DEFAULT, 80, 'test_2@test.com', 4);
INSERT INTO multiresult VALUES(DEFAULT, 100, 'kare.ode@outlook.com', 4);
INSERT INTO multiresult VALUES(DEFAULT, 40, 'kare.ode2@outlook.com', 4);
INSERT INTO multiresult VALUES(DEFAULT, 100, 'kare.ode3@outlook.com', 4);
INSERT INTO multiresult VALUES(DEFAULT, 60, 'kare.ode4@outlook.com', 4);
INSERT INTO multiresult VALUES(DEFAULT, 60, 'kare.ode5@outlook.com', 4);
INSERT INTO multiresult VALUES(DEFAULT, 80, 'kare.ode6@outlook.com', 4);
INSERT INTO multiresult VALUES(DEFAULT, 90, 'kare.ode7@outlook.com', 4);
INSERT INTO multiresult VALUES(DEFAULT, 100, 'test_per@gmail.com', 5);
INSERT INTO multiresult VALUES(DEFAULT, 100, 'lars@gmail.com', 5);
INSERT INTO multiresult VALUES(DEFAULT, 90, 'test_kare@gmail.com', 5);
INSERT INTO multiresult VALUES(DEFAULT, 80, 'test_2@test.com', 5);
INSERT INTO multiresult VALUES(DEFAULT, 60, 'kare.ode@outlook.com', 5);
INSERT INTO multiresult VALUES(DEFAULT, 40, 'kare.ode2@outlook.com', 5);
INSERT INTO multiresult VALUES(DEFAULT, 20, 'kare.ode3@outlook.com', 5);
INSERT INTO multiresult VALUES(DEFAULT, 100, 'kare.ode4@outlook.com', 5);
INSERT INTO multiresult VALUES(DEFAULT, 60, 'kare.ode5@outlook.com', 5);
INSERT INTO multiresult VALUES(DEFAULT, 100, 'kare.ode6@outlook.com', 5);
INSERT INTO multiresult VALUES(DEFAULT, 80, 'kare.ode7@outlook.com', 5);
INSERT INTO resembleresult VALUES(DEFAULT, 100, 'test_per@gmail.com', 1);
INSERT INTO resembleresult VALUES(DEFAULT, 100, 'lars@gmail.com', 1);
INSERT INTO resembleresult VALUES(DEFAULT, 90, 'test_kare@gmail.com', 1);
INSERT INTO resembleresult VALUES(DEFAULT, 80, 'test_2@test.com', 1);
INSERT INTO resembleresult VALUES(DEFAULT, 60, 'kare.ode@outlook.com', 1);
INSERT INTO resembleresult VALUES(DEFAULT, 40, 'kare.ode2@outlook.com', 1);
INSERT INTO resembleresult VALUES(DEFAULT, 20, 'kare.ode3@outlook.com', 1);
INSERT INTO resembleresult VALUES(DEFAULT, 100, 'kare.ode4@outlook.com', 1);
INSERT INTO resembleresult VALUES(DEFAULT, 60, 'kare.ode5@outlook.com', 1);
INSERT INTO resembleresult VALUES(DEFAULT, 100, 'kare.ode6@outlook.com', 1);
INSERT INTO resembleresult VALUES(DEFAULT, 100, 'kare.ode7@outlook.com', 1);
INSERT INTO resemblegame VALUES(DEFAULT, 'Viderekommen', 'I Denne oppgaven er det 3 deloppgaver som basseres på at brukeren har gode kunnskaper innen HTML5 og CSS', 'Å kunne kode noe vanskelige nettsider ved hjelp av HTML5 og CSS. ', 2, 'SYSTEM');
INSERT INTO resemblegame VALUES(DEFAULT, 'Øving 3 Del 1', 'I Denne oppgaven vil man også bli testet om man får til å implementere enkle nettsider med en standard layout ved å bruke basic CSS og HTML', 'Lære seg veldig enkel HTML og CSS layout', 3, 'SYSTEM');
INSERT INTO resembletask VALUES(DEFAULT, 'Skriv “Jeg skal være rød” som overskrift. “Jeg skal være blå” er vanlig tekst. Style dem i riktige farger og gjør bakgrunnen gul.', '<!DOCTYPE html><html><body><h1>Jeg skal være rød</h1><p>Jeg skal være blå</p></body></html>', 'p{color: blue;}h1{color: red;}body{background-color: yellow;}', '<!DOCTYPE html><html></html>', '', 200, 150, 3);
INSERT INTO resembletask VALUES(DEFAULT, 'Lag en overskrift og en tekst som vist i fasiten. Gjør teksten “høyrestilt” høyrestilt. Gjør den også fet med skriftstørrelse 12.', '<html><body><h1>Overskrift</h1><p>Høyrestilt tekst<p></body></html>', 'p{float: right;font-size: 12pt;font-weight: bold;}', '<!DOCTYPE html><html></html>', '', 200, 150, 3);
INSERT INTO resembletask VALUES(DEFAULT, 'Lag en tabell med to rader og to kolonner med teksten ”Celle #”. Gjør bakgrunnen i cellene rød.', '<html><body><table><tr><td>Celle 1</td><td>Celle 2</td></tr><tr><td>Celle 3</td><td>Celle 4</td></tr></table></html>','tr {background-color: red;}', '<!DOCTYPE html><html></html>', '', 150, 100,3);
INSERT INTO resembletask VALUES(DEFAULT, 'Lag et vindu med en overskrift og tre avsnitt med henholdsvis fet tekst, kursiv tekst og gjennomstreket tekst. Hvert avsnitt skal ha rød tekst.', '<!DOCTYPE html> <html><body><h1>Overskrift</h1> <p><b> Fet tekst </b></p> <p><i> Kursiv </i></p><p><s> Gjennomstreket tekst </s></p> </body> </html>', 'p {color: red}', '<!DOCTYPE html> <html> <body> </body> </html>', '', 200, 150, 1);
INSERT INTO resembletask VALUES(DEFAULT, 'Lag et vindu med en nøstet liste med der en liste skal være uordnet og inneholde "Campuser ved HiST". Den andre listen skal være ordnet og inneholde "Campuser ved NTNU". Bakgrunnen skal være "blue", fargen på hvert element i listene skal være "white", bortsett fra "Campuser ved NTNU" som skal være "red". ', '<!DOCTYPE html> <html> <body> <div id="Background"> <ul> <li> Campuser ved HiST <ul> <li>Kalvskinnet</li><li>Øya</li> <li>Elgeseter</li> </ul> </li> <li style="color: red;"> Campuser ved NTNU <ol> <li>Gløshaugen</li> <li>Dragvoll</li> <li>Moholt</li> </ol> </li> </ul> </div> </body> </html>', '#Background{ background-color: blue;} li {color: white;}', '<!DOCTYPE html> <html> <body> <div> </div> </body> </html>', 'li {/* Hva skal inn her? */}', 200, 150, 1);
INSERT INTO resembletask VALUES(DEFAULT, 'Lag et vindu med en overskrift og en tabell med følgende kriterier: Overskriften skal bruke 15% av Ditt-resultat-vinduet. Teksten skal også være blå, plassert til høyre, med font-stylen "oblique". Tabellen skal ha en border på størrelse 3, bruke full bredde, cellpadding = 2, og cellspacing = 3. Videre skal hodet i tabellen være farget rødt, Bodyen skal være hvit og footen grønn. ', '<!DOCTYPE html> <html> <body> <table border="3" width="100%" cellpadding="2" cellspacing="3"> <div id="top"> Prisoversikt </div>  <thead> <tr> <th>Artikkel</th> <th> Pris </th> </tr> </thead><tfoot> <tr> <th>Totalt</th> <th>25 kr</th> </tr> </tfoot> <tbody> <tr> <td> Sjokolade</td> <td>10 kr</td> </tr> <tr> <td> Melk</td> <td>15 kr</td> </tr> </tbody> </table> </body> </html>', 'thead {background-color: red;}  tbody {background-color: white;} tfoot {background-color: green; } #top { float: right;  height: 15%; color: blue;font-style: oblique; }', '<!DOCTYPE html> <html><body> <table> <div> </div> <thead> <tr> <th> </th> </tr> </thead> <tfoot>  </tfoot> <tbody> </tbody> </table> </body></html>', 'tfoot { } #top { color: blue; }', 200, 150, 1);
INSERT INTO resembletask VALUES(DEFAULT, 'Lag et vindu med en hoveddel (høyde 70%) og bunn (høyde 30%). I hoveddelen skal det være tre lenker (VG.no, Hist.no og Adressa.no). Lenkene trenger kun å referere til feks. "#". Bunnen skal være svart med hvit tekst. Teksten skal være sentrert. ', '<!DOCTYPE html> <html> <body> <div id=''mid''> <ul> <li><a href=''#''>VG.no</a> </li> <li><a href=''#''>Hist.no</a> </li> <li><a href=''#''>Adressa.no</a> </li> </ul> </div> <div id=''bottom''>Bunn</div> </body> </html>', '#mid { background-color: gray; height: 70%; width: 100%; } ul { float: left; } #bottom { text-align: center;  color: white; background-color: black; height: 30%; width: 100%; }', '<!DOCTYPE html> <html> <body> </body> </html>', '#mid { height: 70%; } ul { float: left;} #bottom { height: 30%; }',  200, 150, 2);
INSERT INTO resembletask VALUES(DEFAULT, 'Lag en tabell som fyller hele vinduet. Tabellen skal ha cellspacing = 0 og gul bakgrunn. Overskriften er en rekke i tabellen og har høyde 20%. Resten av elementene i tabellen er 4 liker store knapper. ', '<html> <body> <form> <table cellspacing=''0''> <tr> <td style=''height: 20%'' colspan=''2''>Dette er et spørsmal</td> </tr><tr> <td> <button id=''button''>Nr 1</button> </td> <td> <button id=''button''>Nr 2</button> </td> </tr> <tr> <td> <button id=''button''>Nr 3</button> </td> <td> <button id=''button''>Nr 4</button> </td> </tr> </table> </form> </body> </html>', 'table { height: 100%; width: 100%; background-color: yellow; text-align: center; }  #button { height: 100%; width: 100%; }', '<!DOCTYPE html><html> <body> <form> <table> <tr> <td colspan=''2''>Dette er et spørsmal</td> </tr> </table> </form> </body> </html>', 'table { } #button { height: 100%; width: 100%; }', 200, 150, 2);
INSERT INTO resembletask VALUES(DEFAULT, 'Lag et vindu med en topp og en bunn. Bakgrunnen på hele vinduet skal være hvit. I toppen skal det legges inn et bilde (lenken ligger i HTML-koden). I bunnen skal det være en tekst (størrelse 10 px) og en tekst-boks som allerede skal være fylt med tekst. ', '<html> <body> <div id=''wrapper''> <div id=''top''> <img src=''http://intuitiontosucceed.academy/wp-content/uploads/2014/06/K2_Mount_Godwin_Austen_Chogori_Savage_Mountain1-1080x675.jpg''/> </div> <div id=''bottom''> <br> Hva ser du på bildet?</br> <input value=''Et fjell''/> </div> </div> </body> </html>','#wrapper { background-color: white; } #top {  height: 60%; } #bottom { font-size: 10px;  height: 40%;} img { width: 100%; height: 100%; }', '<!DOCTYPE html><html><body>LINK: http://intuitiontosucceed.academy/wp-content/uploads/2014/06/K2_Mount_Godwin_Austen_Chogori_Savage_Mountain1-1080x675.jpg </body></html>', '#wrapper { } #top {  height: 60%; } #bottom { height: 40%;}', 200, 150, 2);

INSERT INTO oving VALUES(DEFAULT, 'Øving 1');
INSERT INTO ovingmultigame values(1,1,0);
INSERT INTO ovingmultigame values(1,2,0);
INSERT INTO ovingresemblegame values(1,2, 0);
INSERT INTO ovingresemblegame values(1,1, 0);
INSERT INTO resembleresult VALUES(DEFAULT, 100, 'test_per@gmail.com', 2);
INSERT INTO resembleresult VALUES(DEFAULT, 100, 'lars@gmail.com', 2);
INSERT INTO resembleresult VALUES(DEFAULT, 90, 'test_kare@gmail.com', 2);
INSERT INTO resembleresult VALUES(DEFAULT, 82, 'test_2@test.com', 2);
INSERT INTO resembleresult VALUES(DEFAULT, 60, 'kare.ode@outlook.com', 2);
INSERT INTO resembleresult VALUES(DEFAULT, 45, 'kare.ode2@outlook.com', 2);
INSERT INTO resembleresult VALUES(DEFAULT, 26, 'kare.ode3@outlook.com', 2);
INSERT INTO resembleresult VALUES(DEFAULT, 70, 'kare.ode4@outlook.com', 2);
INSERT INTO resembleresult VALUES(DEFAULT, 43, 'kare.ode5@outlook.com', 2);
INSERT INTO resembleresult VALUES(DEFAULT, 100, 'kare.ode6@outlook.com', 2);
INSERT INTO resembleresult VALUES(DEFAULT, 91, 'kare.ode7@outlook.com', 2);
INSERT INTO resembleresult VALUES(DEFAULT, 33, 'test_per@gmail.com', 3);
INSERT INTO resembleresult VALUES(DEFAULT, 33, 'lars@gmail.com', 3);
INSERT INTO resembleresult VALUES(DEFAULT, 99, 'test_kare@gmail.com', 3);
INSERT INTO resembleresult VALUES(DEFAULT, 6, 'test_2@test.com', 3);
INSERT INTO resembleresult VALUES(DEFAULT, 60, 'kare.ode@outlook.com', 3);
INSERT INTO resembleresult VALUES(DEFAULT, 22, 'kare.ode2@outlook.com', 3);
INSERT INTO resembleresult VALUES(DEFAULT, 44, 'kare.ode3@outlook.com', 3);
INSERT INTO resembleresult VALUES(DEFAULT, 70, 'kare.ode4@outlook.com', 3);
INSERT INTO resembleresult VALUES(DEFAULT, 33, 'kare.ode5@outlook.com', 3);
INSERT INTO resembleresult VALUES(DEFAULT, 100, 'kare.ode6@outlook.com', 3);
INSERT INTO resembleresult VALUES(DEFAULT, 91, 'kare.ode7@outlook.com', 3);
INSERT INTO classes values('1ING');
INSERT INTO classes values('2ING');
INSERT INTO personclass values('test_per@gmail.com', '1ING');
INSERT INTO personclass values('lars@gmail.com', '1ING');
INSERT INTO personclass values('kare.ode@outlook.com', '1ING');
INSERT INTO personclass values('kare.ode2@outlook.com', '1ING');
INSERT INTO personclass values('kare.ode3@outlook.com', '1ING');
INSERT INTO personclass values('kare.ode4@outlook.com', '1ING');
INSERT INTO personclass values('kare.ode6@outlook.com', '1ING');
INSERT INTO personclass values('kare.ode7@outlook.com', '1ING');
INSERT INTO personclass values('kare.ode7@outlook.com', '2ING');
INSERT INTO personclass values('kare.ode4@outlook.com', '2ING');
INSERT INTO personclass values('kare.ode6@outlook.com', '2ING');
INSERT INTO personclass values('test_per@gmail.com', '2ING');
INSERT INTO personclass values('lars@gmail.com', '2ING');